make,doors,top_speed,acceleration,fuel_consumption,displacement,horsepower,cylinders
Audi,5.0,228.5,6.75,6.0,1741.0,197.5,4.0
Fiat,3.6666666666666665,165.0,13.299999999999999,5.1,875.0,85.0,2.0
Peugeot,5.0,200.0,9.55,5.3,1398.5,147.5,3.5
Renault,5.0,202.5,9.45,5.95,1461.0,115.0,4.0
Volkswagen,4.5,220.0,7.75,5.5,1733.0,150.0,4.0
Volvo,4.5,235.0,7.1,6.3,1969.0,415.0,4.0
