{"First column": {"count": 6, "mean": -0.5009940002009552, "std": 0.8839385203395562, "min": -1.55529041326908, "25%": -1.247038692513933, "50%": -0.4162433767179556, "75%": 0.1799426841401469, "max": 0.5271122588523375}, "two": {"count": 6, "unique": 6, "top": "-0.14509562920877161", "freq": 1}, "three": {"count": 7, "unique": 7, "top": "-0.012336991474672475", "freq": 1}, "SOME;NAME": {"count": 7, "mean": 4.142857142857143, "std": 2.544836041121407, "min": 2, "25%": 2.0, "50%": 4.0, "75%": 5.0, "max": 9}, "five": {"count": 7, "unique": 3, "top": "red", "freq": 3}, "What is this even?": {"count": 7, "unique": 3, "top": "good", "freq": 3}, "seven": {"count": 7, "unique": 7, "top": "quarrelsome", "freq": 1}, "eight": {"count": 7, "unique": 7, "top": "2016-05-26 09:33:42", "freq": 1}}